username,password
loaduser_000001,perf12345
loaduser_000002,perf12345
loaduser_000003,perf12345
loaduser_000004,perf12345
loaduser_000005,perf12345
loaduser_000006,perf12345
loaduser_000007,perf12345
loaduser_000008,perf12345
loaduser_000009,perf12345
loaduser_000010,perf12345
loaduser_000011,perf12345
loaduser_000012,perf12345
loaduser_000013,perf12345
loaduser_000014,perf12345
loaduser_000015,perf12345
loaduser_000016,perf12345
loaduser_000017,perf12345
loaduser_000018,perf12345
loaduser_000019,perf12345
loaduser_000020,perf12345
loaduser_000021,perf12345
loaduser_000022,perf12345
loaduser_000023,perf12345
loaduser_000024,perf12345
loaduser_000025,perf12345
loaduser_000026,perf12345
loaduser_000027,perf12345
loaduser_000028,perf12345
loaduser_000029,perf12345
loaduser_000030,perf12345
loaduser_000031,perf12345
loaduser_000032,perf12345
loaduser_000033,perf12345
loaduser_000034,perf12345
loaduser_000035,perf12345
loaduser_000036,perf12345
loaduser_000037,perf12345
loaduser_000038,perf12345
loaduser_000039,perf12345
loaduser_000040,perf12345
loaduser_000041,perf12345
loaduser_000042,perf12345
loaduser_000043,perf12345
loaduser_000044,perf12345
loaduser_000045,perf12345
loaduser_000046,perf12345
loaduser_000047,perf12345
loaduser_000048,perf12345
loaduser_000049,perf12345
loaduser_000050,perf12345
loaduser_000051,perf12345
loaduser_000052,perf12345
loaduser_000053,perf12345
loaduser_000054,perf12345
loaduser_000055,perf12345
loaduser_000056,perf12345
loaduser_000057,perf12345
loaduser_000058,perf12345
loaduser_000059,perf12345
loaduser_000060,perf12345
loaduser_000061,perf12345
loaduser_000062,perf12345
loaduser_000063,perf12345
loaduser_000064,perf12345
loaduser_000065,perf12345
loaduser_000066,perf12345
loaduser_000067,perf12345
loaduser_000068,perf12345
loaduser_000069,perf12345
loaduser_000070,perf12345
loaduser_000071,perf12345
loaduser_000072,perf12345
loaduser_000073,perf12345
loaduser_000074,perf12345
loaduser_000075,perf12345
loaduser_000076,perf12345
loaduser_000077,perf12345
loaduser_000078,perf12345
loaduser_000079,perf12345
loaduser_000080,perf12345
loaduser_000081,perf12345
loaduser_000082,perf12345
loaduser_000083,perf12345
loaduser_000084,perf12345
loaduser_000085,perf12345
loaduser_000086,perf12345
loaduser_000087,perf12345
loaduser_000088,perf12345
loaduser_000089,perf12345
loaduser_000090,perf12345
loaduser_000091,perf12345
loaduser_000092,perf12345
loaduser_000093,perf12345
loaduser_000094,perf12345
loaduser_000095,perf12345
loaduser_000096,perf12345
loaduser_000097,perf12345
loaduser_000098,perf12345
loaduser_000099,perf12345
loaduser_000100,perf12345
loaduser_000101,perf12345
loaduser_000102,perf12345
loaduser_000103,perf12345
loaduser_000104,perf12345
loaduser_000105,perf12345
loaduser_000106,perf12345
loaduser_000107,perf12345
loaduser_000108,perf12345
loaduser_000109,perf12345
loaduser_000110,perf12345
loaduser_000111,perf12345
loaduser_000112,perf12345
loaduser_000113,perf12345
loaduser_000114,perf12345
loaduser_000115,perf12345
loaduser_000116,perf12345
loaduser_000117,perf12345
loaduser_000118,perf12345
loaduser_000119,perf12345
loaduser_000120,perf12345
loaduser_000121,perf12345
loaduser_000122,perf12345
loaduser_000123,perf12345
loaduser_000124,perf12345
loaduser_000125,perf12345
loaduser_000126,perf12345
loaduser_000127,perf12345
loaduser_000128,perf12345
loaduser_000129,perf12345
loaduser_000130,perf12345
loaduser_000131,perf12345
loaduser_000132,perf12345
loaduser_000133,perf12345
loaduser_000134,perf12345
loaduser_000135,perf12345
loaduser_000136,perf12345
loaduser_000137,perf12345
loaduser_000138,perf12345
loaduser_000139,perf12345
loaduser_000140,perf12345
loaduser_000141,perf12345
loaduser_000142,perf12345
loaduser_000143,perf12345
loaduser_000144,perf12345
loaduser_000145,perf12345
loaduser_000146,perf12345
loaduser_000147,perf12345
loaduser_000148,perf12345
loaduser_000149,perf12345
loaduser_000150,perf12345
loaduser_000151,perf12345
loaduser_000152,perf12345
loaduser_000153,perf12345
loaduser_000154,perf12345
loaduser_000155,perf12345
loaduser_000156,perf12345
loaduser_000157,perf12345
loaduser_000158,perf12345
loaduser_000159,perf12345
loaduser_000160,perf12345
loaduser_000161,perf12345
loaduser_000162,perf12345
loaduser_000163,perf12345
loaduser_000164,perf12345
loaduser_000165,perf12345
loaduser_000166,perf12345
loaduser_000167,perf12345
loaduser_000168,perf12345
loaduser_000169,perf12345
loaduser_000170,perf12345
loaduser_000171,perf12345
loaduser_000172,perf12345
loaduser_000173,perf12345
loaduser_000174,perf12345
loaduser_000175,perf12345
loaduser_000176,perf12345
loaduser_000177,perf12345
loaduser_000178,perf12345
loaduser_000179,perf12345
loaduser_000180,perf12345
loaduser_000181,perf12345
loaduser_000182,perf12345
loaduser_000183,perf12345
loaduser_000184,perf12345
loaduser_000185,perf12345
loaduser_000186,perf12345
loaduser_000187,perf12345
loaduser_000188,perf12345
loaduser_000189,perf12345
loaduser_000190,perf12345
loaduser_000191,perf12345
loaduser_000192,perf12345
loaduser_000193,perf12345
loaduser_000194,perf12345
loaduser_000195,perf12345
loaduser_000196,perf12345
loaduser_000197,perf12345
loaduser_000198,perf12345
loaduser_000199,perf12345
loaduser_000200,perf12345
